firstname,lastname,totalprice,depositpaid,bookingdates/checkin,bookingdates/checkout,additionalneeds
Thirumala 2026,Test2,150,TRUE,1/1/2025,1/10/2025,Lunch
Thirumala 2027,Test3,151,TRUE,1/1/2025,1/10/2025,Lunch
Thirumala 2028,Test4,152,TRUE,1/1/2025,1/10/2025,Lunch
Thirumala 2029,Test5,153,TRUE,1/1/2025,1/10/2025,Lunch
Thirumala 2030,Test6,154,TRUE,1/1/2025,1/10/2025,Lunch
Thirumala 2031,Test7,155,TRUE,1/1/2025,1/10/2025,Lunch
Thirumala 2032,Test8,156,TRUE,1/1/2025,1/10/2025,Lunch
Thirumala 2033,Test9,157,TRUE,1/1/2025,1/10/2025,Lunch
Thirumala 2034,Test10,158,TRUE,1/1/2025,1/10/2025,Lunch
Thirumala 2035,Test11,159,TRUE,1/1/2025,1/10/2025,Lunch
Thirumala 2036,Test12,160,TRUE,1/1/2025,1/10/2025,Lunch
Thirumala 2037,Test13,161,TRUE,1/1/2025,1/10/2025,Lunch
Thirumala 2038,Test14,162,TRUE,1/1/2025,1/10/2025,Lunch
Thirumala 2039,Test15,163,TRUE,1/1/2025,1/10/2025,Lunch
Thirumala 2040,Test16,164,TRUE,1/1/2025,1/10/2025,Lunch
Thirumala 2041,Test17,165,TRUE,1/1/2025,1/10/2025,Lunch
Thirumala 2042,Test18,166,TRUE,1/1/2025,1/10/2025,Lunch
Thirumala 2043,Test19,167,TRUE,1/1/2025,1/10/2025,Lunch
Thirumala 2044,Test20,168,TRUE,1/1/2025,1/10/2025,Lunch
Thirumala 2045,Test21,169,TRUE,1/1/2025,1/10/2025,Lunch
Thirumala 2046,Test22,170,TRUE,1/1/2025,1/10/2025,Lunch
Thirumala 2047,Test23,171,TRUE,1/1/2025,1/10/2025,Lunch
Thirumala 2048,Test24,172,TRUE,1/1/2025,1/10/2025,Lunch
Thirumala 2049,Test25,173,TRUE,1/1/2025,1/10/2025,Lunch
Thirumala 2050,Test26,174,TRUE,1/1/2025,1/10/2025,Lunch
Thirumala 2051,Test27,175,TRUE,1/1/2025,1/10/2025,Lunch
Thirumala 2052,Test28,176,TRUE,1/1/2025,1/10/2025,Lunch
Thirumala 2053,Test29,177,TRUE,1/1/2025,1/10/2025,Lunch
Thirumala 2054,Test30,178,TRUE,1/1/2025,1/10/2025,Lunch
Thirumala 2055,Test31,179,TRUE,1/1/2025,1/10/2025,Lunch
Thirumala 2056,Test32,180,TRUE,1/1/2025,1/10/2025,Lunch
Thirumala 2057,Test33,181,TRUE,1/1/2025,1/10/2025,Lunch
Thirumala 2058,Test34,182,TRUE,1/1/2025,1/10/2025,Lunch
Thirumala 2059,Test35,183,TRUE,1/1/2025,1/10/2025,Lunch
Thirumala 2060,Test36,184,TRUE,1/1/2025,1/10/2025,Lunch
Thirumala 2061,Test37,185,TRUE,1/1/2025,1/10/2025,Lunch
